/*M!999999\- enable the sandbox mode */ 
-- MariaDB dump 10.19  Distrib 10.6.27-MariaDB, for debian-linux-gnu (x86_64)
--
-- Host: localhost    Database: wordpress
-- ------------------------------------------------------
-- Server version	10.6.27-MariaDB-ubu2204

/*!40101 SET @OLD_CHARACTER_SET_CLIENT=@@CHARACTER_SET_CLIENT */;
/*!40101 SET @OLD_CHARACTER_SET_RESULTS=@@CHARACTER_SET_RESULTS */;
/*!40101 SET @OLD_COLLATION_CONNECTION=@@COLLATION_CONNECTION */;
/*!40101 SET NAMES utf8mb4 */;
/*!40103 SET @OLD_TIME_ZONE=@@TIME_ZONE */;
/*!40103 SET TIME_ZONE='+00:00' */;
/*!40014 SET @OLD_UNIQUE_CHECKS=@@UNIQUE_CHECKS, UNIQUE_CHECKS=0 */;
/*!40014 SET @OLD_FOREIGN_KEY_CHECKS=@@FOREIGN_KEY_CHECKS, FOREIGN_KEY_CHECKS=0 */;
/*!40101 SET @OLD_SQL_MODE=@@SQL_MODE, SQL_MODE='NO_AUTO_VALUE_ON_ZERO' */;
/*!40111 SET @OLD_SQL_NOTES=@@SQL_NOTES, SQL_NOTES=0 */;

--
-- Table structure for table `wp_fs_lms_persons`
--

DROP TABLE IF EXISTS `wp_fs_lms_persons`;
/*!40101 SET @saved_cs_client     = @@character_set_client */;
/*!40101 SET character_set_client = utf8mb4 */;
CREATE TABLE `wp_fs_lms_persons` (
  `id` bigint(20) unsigned NOT NULL AUTO_INCREMENT,
  `wp_user_id` bigint(20) unsigned DEFAULT NULL,
  `email` varchar(255) DEFAULT NULL,
  `birth_date` date DEFAULT NULL,
  `doc_type` varchar(30) DEFAULT NULL,
  `full_name_enc` longblob DEFAULT NULL,
  `doc_number_enc` longblob DEFAULT NULL,
  `inn_enc` longblob DEFAULT NULL,
  `address_enc` longblob DEFAULT NULL,
  `phone_enc` longblob DEFAULT NULL,
  `doc_number_hash` varchar(64) DEFAULT NULL,
  `inn_hash` varchar(64) DEFAULT NULL,
  `deleted_at` datetime DEFAULT NULL,
  `created_at` datetime NOT NULL DEFAULT current_timestamp(),
  `updated_at` datetime NOT NULL DEFAULT current_timestamp() ON UPDATE current_timestamp(),
  PRIMARY KEY (`id`),
  KEY `wp_user_id` (`wp_user_id`),
  KEY `doc_number_hash` (`doc_number_hash`),
  KEY `inn_hash` (`inn_hash`),
  KEY `email` (`email`)
) ENGINE=InnoDB AUTO_INCREMENT=3 DEFAULT CHARSET=utf8mb4 COLLATE=utf8mb4_unicode_520_ci;
/*!40101 SET character_set_client = @saved_cs_client */;

--
-- Dumping data for table `wp_fs_lms_persons`
--

LOCK TABLES `wp_fs_lms_persons` WRITE;
/*!40000 ALTER TABLE `wp_fs_lms_persons` DISABLE KEYS */;
INSERT INTO `wp_fs_lms_persons` VALUES (1,3,'max@fs.ru','1998-12-12','pass','Пm5%\ZЎ‘нф-ЬӘ i-Ҷ;ГО+КҶ%u9ңкҜCUЎҡ\naҘсVK/Җяс„QdЛBӯіUZ	O.WЩ1”зYФАвюҜ))MЗТ1h ;¶ӯқ','Р@ҡБDтҗ! «	нҘшcEәmғіәk^“©…е^кXргG\r»i\'ВЛЎЬЛЗ”ҷсъ_','?_3№°ГФҷeYЩ№{\Z\\gGt$ЁҸ78іJЩm=\r)Пtіӣңҷ”ј{фrЯ%GЁoҹҷ',NULL,'ті\'южтZҶ;SјGxаНёҳӮӘBpдzеj8М®k\Z	ҮИ=}<NA0з6s','6de0fe402a0f2b57745b269b3a30603dbdf2f232b55eecf8cc671338f0f8fba2','602d5e8bddc723069763ab4a929171869d2f37b69e197d8ca899ab12967039e8',NULL,'2026-06-03 18:33:54','2026-06-03 20:09:49'),(2,4,'yos@gmail.com','1980-08-08','pass','\0k6Н»а\'1Ҫеҡ3\ZжЈ~#ЙАлҮҖуvҝВҮӣr!ғuІ1Н?ИaӮV\n’фzNжі»ЈЮэ®b2ЬҪЕЪҳу%\0\n@ӣiБыT|ЕсзgsыҲ','ҹоdеd~dCzЩэГҺЗЭQ,uУНцFcl!©ДEҖі6Ӯ`эНЎҮэnд{Kq”9tӯ’','ӘЧјҙ@чqһ\rңпJiиүҜ/]ӘЕь\'1+.NғT•	е_%Н4JҚ»7сҙ¶','ө3щ/,XлCjҲӢM=ӯ&ч—йЯҪңSN;ӯ\ZЕDa}Юu3Јх~ГҮTd‘zИЈщg.oјЧҙhғеҚЁ\\','и$чүъWlіЙ мlbRЖҠЧ@юүtTK~7іҳЙвшВl)т„DӯLИ«\n ?l','b6c0f5468af4853440c33e0dd3080354e587bc44244154530795f47d8e1b54c8','adb838c130ce325be5877121ff349324777a907c1b2f0dda03b677c68d63d162',NULL,'2026-06-03 18:33:54','2026-06-03 18:33:54');
/*!40000 ALTER TABLE `wp_fs_lms_persons` ENABLE KEYS */;
UNLOCK TABLES;

--
-- Table structure for table `wp_fs_lms_applications`
--

DROP TABLE IF EXISTS `wp_fs_lms_applications`;
/*!40101 SET @saved_cs_client     = @@character_set_client */;
/*!40101 SET character_set_client = utf8mb4 */;
CREATE TABLE `wp_fs_lms_applications` (
  `id` bigint(20) unsigned NOT NULL AUTO_INCREMENT,
  `student_person_id` bigint(20) unsigned DEFAULT NULL,
  `parent_person_id` bigint(20) unsigned DEFAULT NULL,
  `period_key` varchar(50) NOT NULL,
  `status` varchar(50) NOT NULL,
  `join_code_hash` varchar(64) DEFAULT NULL,
  `join_code_enc` blob DEFAULT NULL,
  `join_code_expires_at` datetime DEFAULT NULL,
  `student_email_hash` varchar(64) DEFAULT NULL,
  `student_data_enc` longblob DEFAULT NULL,
  `parent_data_enc` longblob DEFAULT NULL,
  `converted_to_enrollment_id` bigint(20) unsigned DEFAULT NULL,
  `parent_submitted_ip` varchar(45) DEFAULT NULL,
  `parent_submitted_ua` varchar(500) DEFAULT NULL,
  `reviewed_by_user_id` bigint(20) unsigned DEFAULT NULL,
  `created_at` datetime NOT NULL DEFAULT current_timestamp(),
  `updated_at` datetime NOT NULL DEFAULT current_timestamp() ON UPDATE current_timestamp(),
  PRIMARY KEY (`id`),
  KEY `student_person_id` (`student_person_id`),
  KEY `parent_person_id` (`parent_person_id`),
  KEY `status` (`status`),
  KEY `join_code_hash` (`join_code_hash`),
  KEY `student_email_hash` (`student_email_hash`)
) ENGINE=InnoDB AUTO_INCREMENT=3 DEFAULT CHARSET=utf8mb4 COLLATE=utf8mb4_unicode_520_ci;
/*!40101 SET character_set_client = @saved_cs_client */;

--
-- Dumping data for table `wp_fs_lms_applications`
--

LOCK TABLES `wp_fs_lms_applications` WRITE;
/*!40000 ALTER TABLE `wp_fs_lms_applications` DISABLE KEYS */;
INSERT INTO `wp_fs_lms_applications` VALUES (2,NULL,NULL,'','pending_parent','0a99aa0c0a158c08bc7baca623f7272129bbd189756df70af5f2afecdc32d5f4','ҙ:NС’m>пН6Oj>*…биәЪ2xўUю0ъҸрҹІҫHбӯвҳ°ҠЎ“yO#пыHГ^Sl¶','2026-06-18 22:31:24','aba979114200def35a5ecb255fe20202fde3825eb936ebb3b74eae9666f563b5','H•9Г|iю АРВпщБ6\nөфщжщ;ә`П_ЩC`ұӨm6„{	ЦҮӣ>Ӯ8МOқP§–ҒібӘҡS&Ъ#ЪЫ%rоsқbҙңҝ:@°®DыtЮңРP+BRJXsNЕH>Зo?.“o…ъажІХЛ[ҸцйmнPгҸsD~цӢTҷұ—\nфkZЗH\'|=tлыҙҙ•Қ\nчәЮРнҹ…ъ«ҰІӯnҷЙ4ЮгЧ7’ЫXyхғj«©„Ғ\r«j\ZtHz!e4СгІ=Чк\ZEoҫ!…;¬192gҸЁLҜшcҫючgТA|Ю@—НДNжBJY—кzЫ”әЩҫKЖ]шO–Хmd_Д>g¬%мИҜ»БНSҠШтзұӘьҠрЧЯщ%Че<ңҙwш!ЈҠ©\rЩҮЗH©лҪGхoФIҚo@>ъ\Zс°өшНЬ^\Zkdю7н¶ңҜоюБHVқ\'=‘ЦС°)Ь7·PкgЈмнcRҪ|ҙҹ.ј)ьС¶·/¶<ҲҰ\rВщҸЮ|·У„C¶JZ,^–ЛjдCаiп]т-k;ҪHё/MўPҫҶXҖ№v|23ҷ\"o\0$жфюҠЬ№ҹxӘ\nюХB_#№·Vу3йКюy9°-`8uӯ:[«ңНa`·w\nPwрt`к\0щ:ГҷҚөэ`o!ӨцoвЯиВВҢҫ#]аӯ\"ӣк«(Ў;\rМnЧD{zYЕ\\цЈ7°5ҷ0ю{)\0©\'HiЫҗiҫЪpz‘7p?ҹӯШ·хјЪ©В®3Ь·іо„|ҹ[·Iv	ПZ–Cv}ХЁЧ\'ӢOҳW',NULL,NULL,'172.18.0.1',NULL,NULL,'2026-06-04 22:31:24','2026-06-04 22:31:24');
/*!40000 ALTER TABLE `wp_fs_lms_applications` ENABLE KEYS */;
UNLOCK TABLES;

--
-- Table structure for table `wp_fs_lms_consents`
--

DROP TABLE IF EXISTS `wp_fs_lms_consents`;
/*!40101 SET @saved_cs_client     = @@character_set_client */;
/*!40101 SET character_set_client = utf8mb4 */;
CREATE TABLE `wp_fs_lms_consents` (
  `id` bigint(20) unsigned NOT NULL AUTO_INCREMENT,
  `application_id` bigint(20) unsigned DEFAULT NULL,
  `person_id` bigint(20) unsigned DEFAULT NULL,
  `subject_role` varchar(20) NOT NULL,
  `consent_type` varchar(50) NOT NULL,
  `version` varchar(20) NOT NULL,
  `document_hash` varchar(64) NOT NULL DEFAULT '',
  `ip_address` varchar(45) NOT NULL,
  `user_agent` varchar(500) NOT NULL DEFAULT '',
  `accepted_at` datetime NOT NULL DEFAULT current_timestamp(),
  `valid_until` datetime DEFAULT NULL,
  `withdrawn_at` datetime DEFAULT NULL,
  `withdrawn_reason` text DEFAULT NULL,
  `signed_for_person_id` bigint(20) unsigned DEFAULT NULL,
  PRIMARY KEY (`id`),
  KEY `application_id` (`application_id`),
  KEY `person_id` (`person_id`),
  KEY `consent_type` (`consent_type`),
  KEY `signed_for_person_id` (`signed_for_person_id`)
) ENGINE=InnoDB DEFAULT CHARSET=utf8mb4 COLLATE=utf8mb4_unicode_520_ci;
/*!40101 SET character_set_client = @saved_cs_client */;

--
-- Dumping data for table `wp_fs_lms_consents`
--

LOCK TABLES `wp_fs_lms_consents` WRITE;
/*!40000 ALTER TABLE `wp_fs_lms_consents` DISABLE KEYS */;
/*!40000 ALTER TABLE `wp_fs_lms_consents` ENABLE KEYS */;
UNLOCK TABLES;

--
-- Table structure for table `wp_fs_lms_audit_log`
--

DROP TABLE IF EXISTS `wp_fs_lms_audit_log`;
/*!40101 SET @saved_cs_client     = @@character_set_client */;
/*!40101 SET character_set_client = utf8mb4 */;
CREATE TABLE `wp_fs_lms_audit_log` (
  `id` bigint(20) unsigned NOT NULL AUTO_INCREMENT,
  `actor_user_id` bigint(20) unsigned DEFAULT NULL,
  `actor_role` varchar(50) DEFAULT NULL,
  `action` varchar(100) NOT NULL,
  `target_type` varchar(50) DEFAULT NULL,
  `target_id` bigint(20) unsigned DEFAULT NULL,
  `details_json` longtext DEFAULT NULL,
  `actor_ip` varchar(45) NOT NULL,
  `actor_ua` text DEFAULT NULL,
  `created_at` datetime NOT NULL DEFAULT current_timestamp(),
  PRIMARY KEY (`id`),
  KEY `actor_user_id` (`actor_user_id`),
  KEY `action` (`action`),
  KEY `target_combined` (`target_type`,`target_id`)
) ENGINE=InnoDB AUTO_INCREMENT=19 DEFAULT CHARSET=utf8mb4 COLLATE=utf8mb4_unicode_520_ci;
/*!40101 SET character_set_client = @saved_cs_client */;

--
-- Dumping data for table `wp_fs_lms_audit_log`
--

LOCK TABLES `wp_fs_lms_audit_log` WRITE;
/*!40000 ALTER TABLE `wp_fs_lms_audit_log` DISABLE KEYS */;
INSERT INTO `wp_fs_lms_audit_log` VALUES (1,NULL,NULL,'consent_signed','consent',0,'{\"consent_type\":\"pd_processing\",\"version\":\"0fad87fa0be10c70e256e40e54c0c4bce1a8968bfb402d817778d9950239057e\",\"application_id\":1,\"subject_role\":\"self\"}','172.18.0.1','Mozilla/5.0 (Windows NT 10.0; Win64; x64) AppleWebKit/537.36 (KHTML, like Gecko) Chrome/148.0.0.0 Safari/537.36','2026-06-03 18:28:47'),(2,NULL,NULL,'create_application','application',1,'{\"email_hash\":\"2eaa68ba1adb3e78100045ee18a13df2f463667af4060566e553af5f35fa35c8\"}','172.18.0.1','Mozilla/5.0 (Windows NT 10.0; Win64; x64) AppleWebKit/537.36 (KHTML, like Gecko) Chrome/148.0.0.0 Safari/537.36','2026-06-03 18:28:47'),(3,NULL,NULL,'view_join_link','application',1,NULL,'172.18.0.1','Mozilla/5.0 (Windows NT 10.0; Win64; x64) AppleWebKit/537.36 (KHTML, like Gecko) Chrome/148.0.0.0 Safari/537.36','2026-06-03 18:29:14'),(4,NULL,NULL,'consent_signed','consent',0,'{\"consent_type\":\"pd_child_processing\",\"version\":\"0fad87fa0be10c70e256e40e54c0c4bce1a8968bfb402d817778d9950239057e\",\"application_id\":1,\"subject_role\":\"guardian\",\"for_person_id\":0}','172.18.0.1','Mozilla/5.0 (Windows NT 10.0; Win64; x64) AppleWebKit/537.36 (KHTML, like Gecko) Chrome/148.0.0.0 Safari/537.36','2026-06-03 18:30:20'),(5,NULL,NULL,'submit_parent_data','application',1,NULL,'172.18.0.1','Mozilla/5.0 (Windows NT 10.0; Win64; x64) AppleWebKit/537.36 (KHTML, like Gecko) Chrome/148.0.0.0 Safari/537.36','2026-06-03 18:30:20'),(6,1,'administrator','start_enrollment','application',1,NULL,'172.18.0.1','Mozilla/5.0 (Windows NT 10.0; Win64; x64) AppleWebKit/537.36 (KHTML, like Gecko) Chrome/148.0.0.0 Safari/537.36','2026-06-03 18:33:24'),(7,1,'administrator','start_enrollment','application',1,NULL,'172.18.0.1','Mozilla/5.0 (Windows NT 10.0; Win64; x64) AppleWebKit/537.36 (KHTML, like Gecko) Chrome/148.0.0.0 Safari/537.36','2026-06-03 18:33:29'),(8,1,'administrator','create_relationship','relationship',1,'{\"guardian_person_id\":2,\"student_person_id\":1,\"relation_type\":\"father\",\"is_primary\":true}','172.18.0.1','Mozilla/5.0 (Windows NT 10.0; Win64; x64) AppleWebKit/537.36 (KHTML, like Gecko) Chrome/148.0.0.0 Safari/537.36','2026-06-03 18:33:54'),(9,1,'administrator','enroll_student','enrollment',1,'{\"application_id\":1,\"subject_key\":\"math\"}','172.18.0.1','Mozilla/5.0 (Windows NT 10.0; Win64; x64) AppleWebKit/537.36 (KHTML, like Gecko) Chrome/148.0.0.0 Safari/537.36','2026-06-03 18:33:54'),(10,1,'administrator','password_set','user',3,NULL,'172.18.0.1','Mozilla/5.0 (Windows NT 10.0; Win64; x64) AppleWebKit/537.36 (KHTML, like Gecko) Chrome/148.0.0.0 Safari/537.36','2026-06-03 18:33:54'),(11,1,'administrator','password_set','user',4,NULL,'172.18.0.1','Mozilla/5.0 (Windows NT 10.0; Win64; x64) AppleWebKit/537.36 (KHTML, like Gecko) Chrome/148.0.0.0 Safari/537.36','2026-06-03 18:33:54'),(12,1,'administrator','update_person','person',1,'{\"changed_fields\":[\"full_name\",\"phone\",\"email\",\"birth_date\"]}','172.18.0.1','Mozilla/5.0 (Windows NT 10.0; Win64; x64) AppleWebKit/537.36 (KHTML, like Gecko) Chrome/148.0.0.0 Safari/537.36','2026-06-03 20:05:43'),(13,1,'administrator','password_set','user',3,NULL,'172.18.0.1','Mozilla/5.0 (Windows NT 10.0; Win64; x64) AppleWebKit/537.36 (KHTML, like Gecko) Chrome/148.0.0.0 Safari/537.36','2026-06-03 20:05:43'),(14,1,'administrator','update_person','person',1,'{\"changed_fields\":[\"full_name\",\"doc_number\",\"inn\",\"phone\",\"email\",\"birth_date\"]}','172.18.0.1','Mozilla/5.0 (Windows NT 10.0; Win64; x64) AppleWebKit/537.36 (KHTML, like Gecko) Chrome/148.0.0.0 Safari/537.36','2026-06-03 20:09:49'),(15,1,'administrator','password_set','user',3,NULL,'172.18.0.1','Mozilla/5.0 (Windows NT 10.0; Win64; x64) AppleWebKit/537.36 (KHTML, like Gecko) Chrome/148.0.0.0 Safari/537.36','2026-06-03 20:09:49'),(16,NULL,NULL,'consent_signed','consent',0,'{\"consent_type\":\"pd_processing\",\"version\":\"0fad87fa0be10c70e256e40e54c0c4bce1a8968bfb402d817778d9950239057e\",\"application_id\":2,\"subject_role\":\"self\"}','172.18.0.1','Mozilla/5.0 (Windows NT 10.0; Win64; x64) AppleWebKit/537.36 (KHTML, like Gecko) Chrome/148.0.0.0 Safari/537.36','2026-06-04 22:31:24'),(17,NULL,NULL,'create_application','application',2,'{\"email_hash\":\"aba979114200def35a5ecb255fe20202fde3825eb936ebb3b74eae9666f563b5\"}','172.18.0.1','Mozilla/5.0 (Windows NT 10.0; Win64; x64) AppleWebKit/537.36 (KHTML, like Gecko) Chrome/148.0.0.0 Safari/537.36','2026-06-04 22:31:24'),(18,NULL,NULL,'view_join_link','application',2,NULL,'172.18.0.1','Mozilla/5.0 (Windows NT 10.0; Win64; x64) AppleWebKit/537.36 (KHTML, like Gecko) Chrome/148.0.0.0 Safari/537.36','2026-06-04 22:32:08');
/*!40000 ALTER TABLE `wp_fs_lms_audit_log` ENABLE KEYS */;
UNLOCK TABLES;

--
-- Table structure for table `wp_fs_lms_pii_access_log`
--

DROP TABLE IF EXISTS `wp_fs_lms_pii_access_log`;
/*!40101 SET @saved_cs_client     = @@character_set_client */;
/*!40101 SET character_set_client = utf8mb4 */;
CREATE TABLE `wp_fs_lms_pii_access_log` (
  `id` bigint(20) unsigned NOT NULL AUTO_INCREMENT,
  `actor_user_id` bigint(20) unsigned NOT NULL,
  `actor_role` varchar(50) DEFAULT NULL,
  `person_id` bigint(20) unsigned NOT NULL,
  `fields_accessed` text NOT NULL,
  `access_reason` varchar(255) NOT NULL,
  `actor_ip` varchar(45) NOT NULL,
  `created_at` datetime NOT NULL DEFAULT current_timestamp(),
  PRIMARY KEY (`id`),
  KEY `actor_user_id` (`actor_user_id`),
  KEY `person_id` (`person_id`)
) ENGINE=InnoDB AUTO_INCREMENT=70 DEFAULT CHARSET=utf8mb4 COLLATE=utf8mb4_unicode_520_ci;
/*!40101 SET character_set_client = @saved_cs_client */;

--
-- Dumping data for table `wp_fs_lms_pii_access_log`
--

LOCK TABLES `wp_fs_lms_pii_access_log` WRITE;
/*!40000 ALTER TABLE `wp_fs_lms_pii_access_log` DISABLE KEYS */;
INSERT INTO `wp_fs_lms_pii_access_log` VALUES (1,1,'administrator',1,'login,password','admin_reveal_credentials','172.18.0.1','2026-06-03 19:06:32'),(2,1,'administrator',1,'doc_number,inn,address,phone','admin_userlist_reveal','172.18.0.1','2026-06-03 19:06:32'),(3,1,'administrator',2,'login,password','admin_reveal_credentials','172.18.0.1','2026-06-03 19:06:54'),(4,1,'administrator',2,'doc_number,inn,address,phone','admin_userlist_reveal','172.18.0.1','2026-06-03 19:06:54'),(5,1,'administrator',1,'login,password','admin_reveal_credentials','172.18.0.1','2026-06-03 19:13:31'),(6,1,'administrator',1,'doc_number,inn,address,phone','admin_userlist_reveal','172.18.0.1','2026-06-03 19:13:31'),(7,1,'administrator',1,'login,password','admin_reveal_credentials','172.18.0.1','2026-06-03 19:25:33'),(8,1,'administrator',1,'doc_number,inn,address,phone','admin_userlist_reveal','172.18.0.1','2026-06-03 19:25:33'),(9,1,'administrator',1,'login,password','admin_reveal_credentials','172.18.0.1','2026-06-03 19:30:55'),(10,1,'administrator',1,'doc_number,inn,address,phone','admin_userlist_reveal','172.18.0.1','2026-06-03 19:30:55'),(11,1,'administrator',1,'login,password','admin_reveal_credentials','172.18.0.1','2026-06-03 19:36:30'),(12,1,'administrator',1,'doc_number,inn,address,phone','admin_userlist_reveal','172.18.0.1','2026-06-03 19:36:30'),(13,1,'administrator',1,'login,password','admin_reveal_credentials','172.18.0.1','2026-06-03 19:41:30'),(14,1,'administrator',1,'doc_number,inn,address,phone','admin_userlist_reveal','172.18.0.1','2026-06-03 19:41:30'),(15,1,'administrator',1,'doc_number,inn,address,phone','admin_masked_view','172.18.0.1','2026-06-03 19:47:37'),(16,1,'administrator',1,'login,password','admin_reveal_credentials','172.18.0.1','2026-06-03 19:47:46'),(17,1,'administrator',1,'doc_number,inn,address,phone','admin_userlist_reveal','172.18.0.1','2026-06-03 19:47:46'),(18,1,'administrator',2,'doc_number,inn,address,phone','admin_masked_view','172.18.0.1','2026-06-03 19:48:03'),(19,1,'administrator',2,'login,password','admin_reveal_credentials','172.18.0.1','2026-06-03 19:48:11'),(20,1,'administrator',2,'doc_number,inn,address,phone','admin_userlist_reveal','172.18.0.1','2026-06-03 19:48:11'),(21,1,'administrator',2,'doc_number,inn,address,phone','admin_masked_view','172.18.0.1','2026-06-03 19:48:30'),(22,1,'administrator',1,'doc_number,inn,address,phone','admin_masked_view','172.18.0.1','2026-06-03 19:52:59'),(23,1,'administrator',2,'doc_number,inn,address,phone','admin_masked_view','172.18.0.1','2026-06-03 19:57:42'),(24,1,'administrator',1,'doc_number,inn,address,phone','admin_masked_view','172.18.0.1','2026-06-03 20:02:36'),(25,1,'administrator',1,'doc_number,inn,address,phone','admin_masked_view','172.18.0.1','2026-06-03 20:04:57'),(26,1,'administrator',1,'doc_number,inn,address,phone','admin_masked_view','172.18.0.1','2026-06-03 20:05:38'),(27,1,'administrator',1,'doc_number,inn,address,phone','admin_masked_view','172.18.0.1','2026-06-03 20:05:48'),(28,1,'administrator',1,'doc_number,inn,address,phone','admin_masked_view','172.18.0.1','2026-06-03 20:09:36'),(29,1,'administrator',1,'login,password','admin_reveal_credentials','172.18.0.1','2026-06-03 20:09:41'),(30,1,'administrator',1,'doc_number,inn,address,phone','admin_userlist_edit','172.18.0.1','2026-06-03 20:09:41'),(31,1,'administrator',2,'doc_number,inn,address,phone','admin_masked_view','172.18.0.1','2026-06-03 20:19:47'),(32,1,'administrator',2,'login,password','admin_reveal_credentials','172.18.0.1','2026-06-03 20:19:56'),(33,1,'administrator',2,'doc_number,inn,address,phone','admin_userlist_reveal','172.18.0.1','2026-06-03 20:19:56'),(34,1,'administrator',2,'doc_number,inn,address,phone','admin_masked_view','172.18.0.1','2026-06-03 20:28:44'),(35,1,'administrator',2,'login,password','admin_reveal_credentials','172.18.0.1','2026-06-03 20:28:47'),(36,1,'administrator',2,'doc_number,inn,address,phone','admin_userlist_edit','172.18.0.1','2026-06-03 20:28:47'),(37,1,'administrator',2,'doc_number,inn,address,phone','admin_masked_view','172.18.0.1','2026-06-03 20:30:08'),(38,1,'administrator',2,'login,password','admin_reveal_credentials','172.18.0.1','2026-06-03 20:30:10'),(39,1,'administrator',2,'doc_number,inn,address,phone','admin_userlist_edit','172.18.0.1','2026-06-03 20:30:10'),(40,1,'administrator',1,'doc_number,inn,address,phone','admin_userlist_edit','172.18.0.1','2026-06-03 20:30:10'),(41,1,'administrator',2,'doc_number,inn,address,phone','admin_masked_view','172.18.0.1','2026-06-03 20:32:58'),(42,1,'administrator',1,'doc_number,inn,address,phone','admin_masked_view','172.18.0.1','2026-06-04 20:32:18'),(43,1,'administrator',1,'doc_number,inn,address,phone','admin_masked_view','172.18.0.1','2026-06-04 20:45:15'),(44,1,'administrator',1,'doc_number,inn,address,phone','admin_masked_view','172.18.0.1','2026-06-04 21:04:53'),(45,1,'administrator',1,'doc_number,inn,address,phone','admin_masked_view','172.18.0.1','2026-06-04 21:33:52'),(46,1,'administrator',1,'doc_number,inn,address,phone','admin_masked_view','172.18.0.1','2026-06-04 21:44:40'),(47,1,'administrator',1,'login,password','admin_reveal_credentials','172.18.0.1','2026-06-04 21:45:22'),(48,1,'administrator',1,'doc_number,inn,address,phone','admin_userlist_edit','172.18.0.1','2026-06-04 21:45:22'),(49,1,'administrator',1,'doc_number,inn,address,phone','admin_masked_view','172.18.0.1','2026-06-04 21:48:01'),(50,1,'administrator',1,'login,password','admin_reveal_credentials','172.18.0.1','2026-06-04 21:48:16'),(51,1,'administrator',1,'doc_number,inn,address,phone','admin_userlist_edit','172.18.0.1','2026-06-04 21:48:16'),(52,1,'administrator',2,'doc_number,inn,address,phone','admin_masked_view','172.18.0.1','2026-06-04 21:48:34'),(53,1,'administrator',2,'doc_number,inn,address,phone','admin_masked_view','172.18.0.1','2026-06-04 21:52:55'),(54,1,'administrator',2,'login,password','admin_reveal_credentials','172.18.0.1','2026-06-04 21:53:14'),(55,1,'administrator',1,'doc_number,inn,address,phone','admin_userlist_reveal','172.18.0.1','2026-06-04 21:53:14'),(56,1,'administrator',2,'doc_number,inn,address,phone','admin_userlist_reveal','172.18.0.1','2026-06-04 21:53:14'),(57,1,'administrator',2,'login,password','admin_reveal_credentials','172.18.0.1','2026-06-04 21:53:18'),(58,1,'administrator',1,'doc_number,inn,address,phone','admin_userlist_edit','172.18.0.1','2026-06-04 21:53:18'),(59,1,'administrator',2,'doc_number,inn,address,phone','admin_userlist_edit','172.18.0.1','2026-06-04 21:53:18'),(60,1,'administrator',1,'doc_number,inn,address,phone','admin_masked_view','172.18.0.1','2026-06-04 22:35:17'),(61,1,'administrator',1,'doc_number,inn,address,phone','admin_masked_view','172.18.0.1','2026-06-04 22:36:53'),(62,1,'administrator',1,'doc_number,inn,address,phone','admin_masked_view','172.18.0.1','2026-06-04 22:44:03'),(63,1,'administrator',1,'doc_number,inn,address,phone','admin_masked_view','172.18.0.1','2026-06-04 22:46:06'),(64,1,'administrator',1,'doc_number,inn,address,phone','admin_masked_view','172.18.0.1','2026-06-04 22:47:09'),(65,1,'administrator',1,'doc_number,inn,address,phone','admin_masked_view','172.18.0.1','2026-06-04 22:48:22'),(66,1,'administrator',1,'doc_number,inn,address,phone','admin_masked_view','172.18.0.1','2026-06-04 22:49:39'),(67,1,'administrator',1,'doc_number,inn,address,phone','admin_masked_view','172.18.0.1','2026-06-04 22:50:12'),(68,1,'administrator',1,'doc_number,inn,address,phone','admin_masked_view','172.18.0.1','2026-06-04 22:51:26'),(69,1,'administrator',1,'doc_number,inn,address,phone','admin_masked_view','172.18.0.1','2026-06-05 21:28:31');
/*!40000 ALTER TABLE `wp_fs_lms_pii_access_log` ENABLE KEYS */;
UNLOCK TABLES;

--
-- Table structure for table `wp_fs_lms_enrollments`
--

DROP TABLE IF EXISTS `wp_fs_lms_enrollments`;
/*!40101 SET @saved_cs_client     = @@character_set_client */;
/*!40101 SET character_set_client = utf8mb4 */;
CREATE TABLE `wp_fs_lms_enrollments` (
  `id` bigint(20) unsigned NOT NULL AUTO_INCREMENT,
  `student_person_id` bigint(20) unsigned NOT NULL,
  `source_application_id` bigint(20) unsigned DEFAULT NULL,
  `group_id` varchar(100) DEFAULT NULL,
  `subject_key` varchar(50) NOT NULL,
  `period_key` varchar(50) NOT NULL,
  `status` varchar(50) NOT NULL,
  `enrolled_at` datetime NOT NULL DEFAULT current_timestamp(),
  `terminated_at` datetime DEFAULT NULL,
  `terminated_reason` text DEFAULT NULL,
  `terminated_by_user_id` bigint(20) unsigned DEFAULT NULL,
  `snapshot_enc` longblob DEFAULT NULL,
  `created_at` datetime NOT NULL DEFAULT current_timestamp(),
  `updated_at` datetime NOT NULL DEFAULT current_timestamp() ON UPDATE current_timestamp(),
  PRIMARY KEY (`id`),
  UNIQUE KEY `student_subject_period` (`student_person_id`,`subject_key`,`period_key`),
  KEY `source_application_id` (`source_application_id`),
  KEY `group_id` (`group_id`),
  KEY `status` (`status`)
) ENGINE=InnoDB AUTO_INCREMENT=2 DEFAULT CHARSET=utf8mb4 COLLATE=utf8mb4_unicode_520_ci;
/*!40101 SET character_set_client = @saved_cs_client */;

--
-- Dumping data for table `wp_fs_lms_enrollments`
--

LOCK TABLES `wp_fs_lms_enrollments` WRITE;
/*!40000 ALTER TABLE `wp_fs_lms_enrollments` DISABLE KEYS */;
INSERT INTO `wp_fs_lms_enrollments` VALUES (1,1,1,'matematika-1_20_20','math','20_20','active','2026-06-03 00:00:00',NULL,NULL,NULL,'ӢҜЕіҹю\'\0ефР ңҲЈй,ұdҸХOBәшQў®ч+I’GөЛ`I2кмЕН@Һ{ФұҺШҡӨ1*\rLi|d$ ҷPбV3ЭӨ2ҮPӘўsL9ҠЙ=6фЦч[	4VЖьFҚ„Ж=Ҹўқ6қШД©K{Г—h:пҚЙD2e\rt¶iuСэтM`в–7i\rҢҷтrB%Ҳi|,эҲZ\0кЛP7қe{үwaЛZҜ`ҷ<vҸnИҲсӣJүп>9\\\0bngy eГ¶ЙМFж{ғ<©%p°ҰsјдСФVIlЁм><VPEМэф<Gе\nҙҚюцүPъCWZBh…хү=–¶ҒхEi\Z°ЭлӮҙ+Рa2енМ0шиҢзY§щЬS|gOЬпиПAГ}§•кзh„Ъ®ў7–й°бmВиу!7,АуӢw,йЯ1]ЪJҘШ\n«_фЭӯЮкёШИLпЦsяҠ3wB<•zҠЭ+ҳ{:Ыйвө\n~Gы(\nұdҚeйХvҒMҷҷ5WЯVБ№=ЈЁ.Ъ…t`ж}GШ”ўҠ“йфЯЁҢЖjүвӢ!6§°^Ҡ»:^¬LFG;\rвTҷ„\0·°pҝsРЗW<ЮTXҙ–Б-вӘJ8*]Э:\"»\rӮ®bиҳя4S)55dшҺ$У©ҒёҶkrйю.ыuҢСпLҙ:Аy=f БG`я+ЖшаиJх4cШъ\"sй\ZЛ·Ҹ\0—ңҜ\rБХSҜ—Ёc1РЧӢ·эxҙЈ»мқг?O3HҳҜо •’үҠqcy`3Іҝкt7WҳӘ®U0eLјЭЕB8Дoьв\n\\ьX	_Y%УI&БНӣ~Ғ\\!ұиДЎӢҹb#§жғG’ғһ—нЦт{ЮП!Лц=C^•°Ҳ]ҡЙFмpцЧЪ•Уиҡdэұа`n8л1һЖdД\ZSqКQD©ЪЯH>ғ§іЪ>.ІS•ЎcCчЯҹг\0ВҺўЫYҪўң“ІE	o0kbгҝk+]5ВЗZБҡ4Вaj7…\ZӮӮт!xeпОҮWWЧ”[ОҰіһ„ФВПӯ0ј)В’#Ңt=Ә|hj`ЎeҡЫaҮјLлАҠ\n<ҷ]іeвҜр(V“ӣj„ҖөЧ?©ц;Iq4(°tоgS*ҳyйҶ&ёrҡиYФ NХ—дNЯ¶м+ҚўOҖмhЧ)ЦAӘn\rЫҸ+нSІч1“ҫЛҖgoөңy„<Ҙ\ZӯҪХІAАаҚEo1қЙFи05ZщyЖ CлшdпИпИ\nј®CҜІғә`вҺCСҙc(Ј«рEя|Гx\'ҰјҗРсc\rFЈ1~]GsҮҪ$gд¬ШЩи=JlX1дDWұ8J	\0Б\\BўҘ1>Щ{@pТ\0БiэҪ№-eNҰ{nT %ЯӢӮ]*ІҙФ5ҰW;7эМ`?•b„nбm{{(sсэғ4qG¶Ҙ\rУ«|Ҷ\ZӯҘ{О96ЬшҰ—|avЧҒЯ…&5чҪ:Lј(qЪП·y“Я9gюйdяЦGАі„К#Y\'J(m$өіЭЎ)N(\ZӨьіЭЛьцJpкП~uТs ZнСo;Э].цҝ«wҖЮ#иЗусdР¶№KGOpфJкиФӮnbҙМlЕ=ЖІmЩ1ӣшEӢғwp	$ВуШ…ХЖХХd6ПЦ?HҷҪюPo;Ю7§и)ӣ•Һ –0p|Ұ(ёӨ—0\'^Тӣ\0ӨӣятюВP6Қsqә2ҳG^LWС–бм\"ЖФ~ӘҘРФ•ЁMЫрIl_‘a®’\\~%BqqЕ\Zощ-ыіЪ~3ӘЛ«ҹ\r~\"','2026-06-03 18:33:54','2026-06-03 20:09:49');
/*!40000 ALTER TABLE `wp_fs_lms_enrollments` ENABLE KEYS */;
UNLOCK TABLES;

--
-- Table structure for table `wp_fs_lms_expelled_archive`
--

DROP TABLE IF EXISTS `wp_fs_lms_expelled_archive`;
/*!40101 SET @saved_cs_client     = @@character_set_client */;
/*!40101 SET character_set_client = utf8mb4 */;
CREATE TABLE `wp_fs_lms_expelled_archive` (
  `id` bigint(20) unsigned NOT NULL AUTO_INCREMENT,
  `enrollment_id` bigint(20) unsigned DEFAULT NULL,
  `student_person_id` bigint(20) unsigned DEFAULT NULL,
  `parent_person_id` bigint(20) unsigned DEFAULT NULL,
  `data_enc` longblob NOT NULL,
  `expelled_at` datetime NOT NULL DEFAULT current_timestamp(),
  `expelled_by_user_id` bigint(20) unsigned DEFAULT NULL,
  `reason` text DEFAULT NULL,
  `restored_at` datetime DEFAULT NULL,
  `restored_by_user_id` bigint(20) unsigned DEFAULT NULL,
  `created_at` datetime NOT NULL DEFAULT current_timestamp(),
  PRIMARY KEY (`id`),
  KEY `enrollment_id` (`enrollment_id`),
  KEY `student_person_id` (`student_person_id`),
  KEY `expelled_at` (`expelled_at`),
  KEY `restored_at` (`restored_at`)
) ENGINE=InnoDB DEFAULT CHARSET=utf8mb4 COLLATE=utf8mb4_unicode_520_ci;
/*!40101 SET character_set_client = @saved_cs_client */;

--
-- Dumping data for table `wp_fs_lms_expelled_archive`
--

LOCK TABLES `wp_fs_lms_expelled_archive` WRITE;
/*!40000 ALTER TABLE `wp_fs_lms_expelled_archive` DISABLE KEYS */;
/*!40000 ALTER TABLE `wp_fs_lms_expelled_archive` ENABLE KEYS */;
UNLOCK TABLES;

--
-- Table structure for table `wp_fs_lms_relationships`
--

DROP TABLE IF EXISTS `wp_fs_lms_relationships`;
/*!40101 SET @saved_cs_client     = @@character_set_client */;
/*!40101 SET character_set_client = utf8mb4 */;
CREATE TABLE `wp_fs_lms_relationships` (
  `id` bigint(20) unsigned NOT NULL AUTO_INCREMENT,
  `guardian_person_id` bigint(20) unsigned NOT NULL,
  `student_person_id` bigint(20) unsigned NOT NULL,
  `relation_type` varchar(50) NOT NULL,
  `valid_from` date NOT NULL,
  `valid_to` date DEFAULT NULL,
  `created_at` datetime NOT NULL DEFAULT current_timestamp(),
  PRIMARY KEY (`id`),
  UNIQUE KEY `guardian_student_from` (`guardian_person_id`,`student_person_id`,`valid_from`),
  KEY `student_person_id` (`student_person_id`)
) ENGINE=InnoDB AUTO_INCREMENT=2 DEFAULT CHARSET=utf8mb4 COLLATE=utf8mb4_unicode_520_ci;
/*!40101 SET character_set_client = @saved_cs_client */;

--
-- Dumping data for table `wp_fs_lms_relationships`
--

LOCK TABLES `wp_fs_lms_relationships` WRITE;
/*!40000 ALTER TABLE `wp_fs_lms_relationships` DISABLE KEYS */;
INSERT INTO `wp_fs_lms_relationships` VALUES (1,2,1,'father','2026-06-03',NULL,'2026-06-03 18:33:54');
/*!40000 ALTER TABLE `wp_fs_lms_relationships` ENABLE KEYS */;
UNLOCK TABLES;
/*!40103 SET TIME_ZONE=@OLD_TIME_ZONE */;

/*!40101 SET SQL_MODE=@OLD_SQL_MODE */;
/*!40014 SET FOREIGN_KEY_CHECKS=@OLD_FOREIGN_KEY_CHECKS */;
/*!40014 SET UNIQUE_CHECKS=@OLD_UNIQUE_CHECKS */;
/*!40101 SET CHARACTER_SET_CLIENT=@OLD_CHARACTER_SET_CLIENT */;
/*!40101 SET CHARACTER_SET_RESULTS=@OLD_CHARACTER_SET_RESULTS */;
/*!40101 SET COLLATION_CONNECTION=@OLD_COLLATION_CONNECTION */;
/*!40111 SET SQL_NOTES=@OLD_SQL_NOTES */;

-- Dump completed on 2026-07-03 19:02:04
